<?xml version="1.0" encoding="UTF-8"?>
<project-private xmlns="http://www.netbeans.org/ns/project-private/1">
    <editor-bookmarks xmlns="http://www.netbeans.org/ns/editor-bookmarks/2" lastBookmarkId="0"/>
    <open-files xmlns="http://www.netbeans.org/ns/projectui-open-files/2">
        <group>
            <file>file:/C:/wamp64/www/php/header_logged_out.php</file>
            <file>file:/C:/wamp64/www/php/add_to_cart.php</file>
            <file>file:/C:/wamp64/www/php/contact_us.php</file>
            <file>file:/C:/wamp64/www/php/header_logged_in.php</file>
            <file>file:/C:/wamp64/www/php/index.php</file>
            <file>file:/C:/wamp64/www/php/ecommerce.sql</file>
            <file>file:/C:/wamp64/www/php/cart_added.php</file>
            <file>file:/C:/wamp64/www/php/sett.php</file>
            <file>file:/C:/wamp64/www/php/sign.php</file>
            <file>file:/C:/wamp64/www/php/about_us.php</file>
            <file>file:/C:/wamp64/www/php/foot.php</file>
            <file>file:/C:/wamp64/www/php/signup.php</file>
            <file>file:/C:/wamp64/www/php/logi.php</file>
            <file>file:/C:/wamp64/www/php/success.php</file>
            <file>file:/C:/wamp64/www/php/settings.php</file>
            <file>file:/C:/wamp64/www/php/logout.php</file>
            <file>file:/C:/wamp64/www/php/cont.php</file>
            <file>file:/C:/wamp64/www/php/login_modal.php</file>
            <file>file:/C:/wamp64/www/php/cart.php</file>
        </group>
    </open-files>
</project-private>
